{
  "meta": {
    "driver_name": "Woofer Model X",
    "description": "Comparison of parameters derived from Small vs Large Signal"
  },
  "datasets": {
    "4thorder": {
      "constants": {
        "Bl": 6.4552,
        "Re": 5.97,
        "Rm": 1.601,
        "Km": 0.7326544069162576e3,
        "Le0": 0.47475,
        "Mm": 13.168e-3,
        "L20": 0.46e-3,
        "R20": 2.24
      },
      "polynomial_coeffs": {
        "Bln": [-0.0020183e12, 0.0010369e9, -0.014286e6,-0.010082e3, 6.4552],
        "Kn":  [0.00010976e15, -0.0041287e12, 0.036716e9, -0.12698e6, 0.7326544069162576e3],
        "Ln": [-2.1857e4, 0.00035999e6,0.0018392e3,-0.025805,0.47475e-3],
        "Li": [-0.004307e9, -0.001455, 1]
      }
    },
    "8thorder": {
      "constants": {
        "Bl": 6.4555,
        "Re": 5.83,
        "Rm": 1.550,
        "Km": 0.7024938531787847e3,
        "Le0": 0.47e-3,
        "Mm": 13.168e-3,
        "L20": 0.48e-3,
        "R20": 2.23
      },
      "polynomial_coeffs": {
        "Bln": [-0.0030064e12, 0.0015483e9, -0.018884e6,-0.011854e3, 6.4555],
        "Kn":  [0.00019645e15, -0.0045723e12, 0.034595e9,-0.11807e6,0.7024938531787847e3],
        
        "Ln": [-3.5972e4, 0.00034538e6,0.0025517e3,-0.024457,0.47367e-3],
        "Li": [-0.001158, -0.003748, 1]
      }
    }
  }
} 