{
  "meta": {
    "driver_name": "Woofer Model X",
    "description": "Comparison of parameters derived from Small vs Large Signal"
  },
  "datasets": {
    "3Vrms": {
      "constants": {
        "Bl": 6.837193705842441,
        "Re": 4.822146670305587,
        "Rm": 2.2833222074164836,
        "Km": 1107.8705431240523,
        "Le0": 0.000305207582223968,
        "Mm": 0.020004906958875274,
        "L20": 0.0004325286577462285,
        "R20": 2.504536634680621
      },
      "polynomial_coeffs": {
        "Bln": [-2615563718.9455967, -3023090.98130258, -9835.616494456142, 21.171849188494026, 6.837193705842441],
        "Kn":  [1724760519892.831, -5658865945.33859, 35715360.4027017, -210546.86882586573, 1107.8705431240523],
        "Ln": [20081.188591764963, -319.17779393260366, 0.8155679039802962, -0.01018945289267653, 0.000305207582223968],
        "Li": [-0.0012237427320541485, -0.0014189369785025077, 0.007354393550658496, 0.005954177167801685, 1]
      }
    },
    "015Vrms": {
      "constants": {
        "Bl": 6.833452080948485,
        "Re": 4.818186118977418,
        "Rm": 2.1284144279935253,
        "Km": 1769.6464133580944,
        "Le0": 0.00029146426029741385,
        "Mm": 0.019965333443533958,
        "L20": 0.00042158041587377315,
        "R20": 2.3093719037506535
      },
      "polynomial_coeffs": {
        "Bln": [
      -553836031450229.4,
      -6036281449.08343,
      6896267.249331844,
      54.14736105229769,
      6.833452080948485
    ],
    "Kn": [
      2.1128549854528077e+17,
      3412663418612.874,
      -6775658740.342426,
      -388719.442270344,1769.6464133580944
    ],
    "Ln": [
      -2715553237.411975,
      -1653479.7568681242,
      21.079744950117053,
      0.005521966354690726,
0.00029146426029741385
    ],
    "Li": [
      115.95050811065663,
      -18.707214652119482,
      0.2711887353153433,
      0.05751178506901583,
      1
    ]
      }
    }
  }
}